Your Question,Answer,Sources,timestamp
Which companies mention students or graduates?,"The retrieved information suggests that companies provide student and early career opportunities, but more detailed context is needed.","'- JPMorgan Chase | careers | score=0.4087
  https://careers.jpmorgan.com/us/en
- JPMorgan Chase | students | score=0.3956
  https://careers.jpmorgan.com/us/en/students
- JPMorgan Chase | about | score=0.3417
  https://www.jpmorganchase.com/about",2026-03-28 18:06:57.792283
Which companies mention students or graduates?,"The retrieved information suggests that companies provide student and early career opportunities, but more detailed context is needed.","'- JPMorgan Chase | careers | score=0.4087
  https://careers.jpmorgan.com/us/en
- JPMorgan Chase | students | score=0.3956
  https://careers.jpmorgan.com/us/en/students
- JPMorgan Chase | about | score=0.3417
  https://www.jpmorganchase.com/about",2026-03-28 18:07:01.189068
